Metric,Score
Feature MSE,2.6963829782817025e-09
Cosine Similarity,0.9999998146944707
